{"cameraMode":{"drawMode":0,"name":"Shaded","section":"Shading Mode"},"sceneLighting":true,"audioPlay":false,"sceneViewState":{"showFog":true,"showMaterialUpdate":false,"showSkybox":true,"showFlares":true,"showImageEffects":true,"showParticleSystems":true},"in2DMode":false,"pivot":{"x":-2.1185874938964845,"y":2.292552947998047,"z":-0.4373149871826172},"rotation":{"x":-0.08575326204299927,"y":0.8493015766143799,"z":-0.14562180638313294,"w":-0.5001328587532044},"size":34.0659294128418,"orthographic":false}