{"cameraMode":{"drawMode":0,"name":"Shaded","section":"Shading Mode"},"sceneLighting":true,"audioPlay":false,"sceneViewState":{"showFog":true,"showMaterialUpdate":false,"showSkybox":true,"showFlares":true,"showImageEffects":true,"showParticleSystems":true},"in2DMode":false,"pivot":{"x":1.073343276977539,"y":1.5376644134521485,"z":-2.063596725463867},"rotation":{"x":-0.0717882290482521,"y":0.9087942838668823,"z":-0.1755422204732895,"w":-0.3716524839401245},"size":30.339900970458986,"orthographic":false}